大分類,中分類,No.,研修項目,操作手順・内容,備考欄
基本項目,-,1,六大用語,明るく元気に、隣のレジに聞こえる声の大きさで行う,心得帳参照
基本項目,-,2,基本販売用語,-,心得帳参照
基本項目,-,3,売場案内,PLUを使う商品の説明、担当グループ名の説明を行う,PLU資料配布
基本項目,-,4,レジキー保管場所,保管場所:,正面レジは各フロアで1本・コーナーレジは各レジ1本
基本項目,-,5,レジ離脱ルール,レジキー・カッター台・ミリオンを所定の場所に保管し、隣接レジのチェッカーに行き先を伝える,レジ閉局し、ダイナキーで【L】の状態にする
基本項目,-,6,100番表,-,-
基本項目,-,7,ディスプレイの見方,-,-
基本項目,-,8,レシートの見方,消費税欄・まとめ売り,-
基本項目,-,9,レシート交換,レシートの向き,M-POS/その他レジ
基本項目,-,10,ゼロ点検,【レジ操作】[ゼロ点検] → [クリア],開局前に実施・【あり】だった場合の対応
基本項目,-,11,自動開局(J-Mups),【レジ操作】[はい] or [いいえ],釣銭入金時、J-Mups端末画面を確認
基本項目,-,12,クリア,【レジ操作】[クリア],-
基本項目,-,13,レジ開局,【レジ操作】レジキーR → 責任者No. → [責No.],【通信中】表示中にレジ操作はしない
基本項目,-,14,レジ開局(スキャン),【レジ操作】レジキーR → 社員IDスキャン → [責No.],【通信中】表示中にレジ操作はしない
基本項目,-,15,ICオフ,【レジ操作】レジ閉局し、再度レジ開局操作を行う ※J-Mups端末画面が【POS連動中…】以外の表示の場合に発生,ディスプレイに【ICオフ】と表示
基本項目,-,16,レジ閉局,【レジ操作】[責No.] → [L],レジ離脱時は必ず実施
基本項目,-,17,替,【レジ操作】[替] → 責任者No. → [金額],ジャーナル記入表に理由を記入
基本項目,-,18,替(スキャン),【レジ操作】[替] → 社員IDスキャン → [金額],ジャーナル記入表に理由を記入
基本項目,-,19,解除,【レジ操作】[解除],クリアで戻らない場合
登録,固定式スキャナー,20,スキャン登録,【レジ操作】※酒・煙草販売時は、年齢確認を行う ※同じ商品を2個連続でスキャンすると音が変わる,-
登録,固定式スキャナー,21,身分証明確認,【レジ操作】商品登録 → [OK] or [NG],商品→酒・煙草
登録,固定式スキャナー,22,年齢確認,【レジ操作】商品登録 → [OK] or [NG],年齢確認表の見方
登録,固定式スキャナー,23,明細画面・PLU画面,【レジ操作】[明細画面へ] or [PLU画面へ],-
登録,固定式スキャナー,24,JAN登録,【レジ操作】JANコード → [JAN],-
登録,固定式スキャナー,25,DPT登録,【レジ操作】部門番号 → [部門] → ○○円 → [金額],3桁・金額は本体価格で入力
登録,固定式スキャナー,26,クラス登録,【レジ操作】クラス番号 → [クラス] → ○○円 → [金額],4桁・金額は本体価格で入力
登録,固定式スキャナー,27,10万円以上の登録(DPT・クラス),【レジ操作】部門番号orクラス番号 → [部門] or [クラス] → [桁解除] → ○○円 → [金額],-
登録,固定式スキャナー,28,税率変更,【レジ操作】[税率変更] → [軽減税率8%] or [標準税率10%] → [はい] → 商品登録 ※店内飲食の場合、税率を10%に変更,クリアor解除で税率変更を解除できる。画面に変更後の税率が表示
登録,固定式スキャナー,29,リピート,【レジ操作】商品登録 → [リピート],-
登録,固定式スキャナー,30,掛算登録(スキャン・JAN),【レジ操作】個数 → [×] → 商品登録,スキャン・JAN・DPT・クラスすべて同様の操作
登録,固定式スキャナー,31,100個以上の場合,【レジ操作】[桁解除] → 個数 → [×] → 商品登録,スキャン・JAN・DPT・クラスすべて同様の操作
登録,固定式スキャナー,32,DPT登録の場合,【レジ操作】[桁解除] → 個数 → [×] → 部門番号 → [部門] → ○○円 → [金額],-
登録,固定式スキャナー,33,クラス登録の場合,【レジ操作】[桁解除] → 個数 → [×] → クラス番号 → [クラス] → ○○円 → [金額],-
登録,固定式スキャナー,34,値引き,【レジ操作】商品登録 → [値引30円] or [値引50円] or [フリー値引100円],-
登録,固定式スキャナー,35,999円引き以下(100円以外),【レジ操作】商品登録 → ○○円 → [フリー値引100円],-
登録,固定式スキャナー,36,"1,000円引き以上",【レジ操作】商品登録 → [桁解除] → ○○円 → [フリー値引100円],-
登録,固定式スキャナー,37,割引(10%・30%・50%),【レジ操作】商品登録 → [割引30%] or [割引50%] or [フリー割引(10%)] ※自動値引きシール・精肉企画シール,【まとめ表示】をタッチすると割引率が表示。確認後【まとめ表示】をタッチ
登録,固定式スキャナー,38,上記以外の割引,【レジ操作】商品登録 → ○○% → [フリー割引(10%)],-
登録,固定式スキャナー,39,円値引(タッチパネル),【レジ操作】対象商品タッチ → ○○円 → [円値引],-
登録,固定式スキャナー,40,%割引(タッチパネル),【レジ操作】対象商品タッチ → ○○% → [%割引],-
登録,固定式スキャナー,-,確認,【レジ操作】[確認] → 商品登録 → [商品登録] or [印字して終了] or [終了] ※印字して終了をタッチすると、バーコードが印刷される,商品登録中は【印字して終了】は表示されない
取消,固定式スキャナー,41,取消,【レジ操作】商品登録 → [取消],直前の商品の場合のみ
取消,固定式スキャナー,42,指定取消(スキャン),【レジ操作】[指定取消] → 対象商品登録 → [指定取消],-
取消,固定式スキャナー,43,画面訂正,【レジ操作】対象商品タッチ → [画面訂正],掛算登録の場合は、タッチした行の商品の個数が全て取り消される
取消,固定式スキャナー,44,価格の強制入力,【レジ操作】正しい売価(本体価格) → [金額] → 商品登録 ※雑誌登録,画面・レシートの左側に「！」が表示
取消,固定式スキャナー,45,一括取消,【レジ操作】[一括取消] → [はい] or [いいえ],一括取消レシートは赤伝に添付し、ドロアーに保管する
会計,固定式スキャナー,46,登録内容の確認,【レジ操作】[明細画面] → [△] or [▽],-
会計,固定式スキャナー,47,小計,【レジ操作】商品登録終了 → [小計],小計後でも追加登録可能(再度【小計】を押す)
会計,固定式スキャナー,48,転送,【レジ操作】[転送],転送後の追加登録はレジ本体で行う
登録,レジ本体,49,呼出,【レジ操作】[呼出],-
登録,レジ本体,50,追加登録,【レジ操作】追加商品登録 → [小計] ※呼出後にケース売り商品、追加商品の登録を行う,ハンドスキャナーを使用。同じ商品を売っても登録音は変わらない
登録,レジ本体,51,DPT登録の場合,【レジ操作】[桁解除] → 個数 → [×] → 部門番号 → [部門] → ○○円 → [金額],3桁・金額は本体価格で入力
登録,レジ本体,52,クラス登録,【レジ操作】クラス番号 → [クラス] → ○○円 → [金額],4桁・金額は本体価格で入力
登録,レジ本体,53,税率変更,【レジ操作】[税率変更] → [軽減税率8%] or [標準税率10%] → [はい] → 商品登録 ※店内飲食の場合、税率を10%に変更,クリアor解除で税率変更を解除できる。画面に変更後の税率が表示される
登録,レジ本体,54,10万円以上の登録(DPT・クラス),【レジ操作】DPT番号 or クラス番号 → [部門] or [クラス] → [桁解除] → ○○円 → [金額],-
登録,レジ本体,55,リピート,【レジ操作】商品登録 → [リピート],-
登録,レジ本体,56,掛算登録(スキャン・JAN),【レジ操作】個数 → [×] → 商品登録,スキャン・JAN・DPT・クラスすべて同様の操作
登録,レジ本体,57,100個以上の場合,【レジ操作】[桁解除] → 個数 → [×] → 商品登録,スキャン・JAN・DPT・クラスすべて同様の操作
登録,レジ本体,58,値引き,【レジ操作】商品登録 → [フリー値引100円],-
登録,レジ本体,59,999円引き以下(金額指定),【レジ操作】商品登録 → ○○円 → [フリー値引100円],-
登録,レジ本体,60,"1,000円引き以上",【レジ操作】商品登録 → [桁解除] → ○○円 → [フリー値引100円],-
登録,レジ本体,61,割引(10%・30%・50%),【レジ操作】商品登録 → [フリー割引(10%)] or [割引30%] or [割引50%],【まとめ表示】をタッチすると割引率が表示。確認後【まとめ表示】をタッチ
登録,レジ本体,62,上記以外の割引,【レジ操作】商品登録 → ○○% → [フリー割引(10%)],-
登録,レジ本体,63,円値引(タッチパネル),【レジ操作】対象商品タッチ → ○○円 → [ページ切替] → [円値引],-
登録,レジ本体,64,%割引(タッチパネル),【レジ操作】対象商品タッチ → ○○% → [ページ切替] → [%割引],-
登録,レジ本体,65,自動値引,【レジ操作】バーコードをスキャンすると自動で値引・割引される,JAN登録時はバーコード下の数字を下2桁まで入力
登録,レジ本体,-,確認,【レジ操作】[確認] → 商品登録 → [商品登録] or [印字して終了] or [終了] ※印字して終了をタッチする バーコードが印刷される,商品登録中は【印字して終了】は表示されない
取消,レジ本体,66,取消,【レジ操作】商品登録 → [取消],直前の商品の場合のみ
取消,レジ本体,67,指定取消(スキャン),【レジ操作】[指定取消] → 対象商品登録 → [指定取消],-
取消,レジ本体,68,画面訂正,【レジ操作】対象商品タッチ → [画面訂正],掛算登録の場合は、タッチした行の商品の個数が全て取り消される
取消,レジ本体,69,価格の強制入力,【レジ操作】正しい売価(本体価格) → [金額] → 商品登録 ※雑誌登録,画面・レシートの左側に「！」が表示
取消,レジ本体,70,一括取消,【レジ操作】[一括取消] → [はい] or [いいえ],一括取消レシートは赤伝に添付し、ドロアーに保管する
会計,-,71,登録内容の確認,【レジ操作】[明細画面] → [△] or [▽],-
会計,-,72,小計,【レジ操作】商品登録終了 → [小計],小計後でも追加登録可能(再度【小計】を押す)
会計,-,73,預/現金,【レジ操作】預り金額 → [預/現金],-
会計,-,74,万券,【レジ操作】[万券] ※ドロアー内のレイアウト,1万円札を預かった時のみ
会計,-,75,紙幣の取り方と数え方,5千円→千円の順に手に取り、表裏3回数える,-
会計,-,76,小銭の取り方,500円→1円の順に手に取り数える,-
会計,-,74(重複),預かり金入力ミス(会計前),【レジ操作】[取消] or 現金タッチ → [画面訂正],お買上金額より少ない金額で入力し【預/現金】キーを押した場合
会計,-,75(重複),預かり金入力ミス(会計後),電卓で正しいお釣銭を計算する,レシート裏に正しい金額を記入し、100番表に正しい預かり金とお釣銭を記入
会計,-,76(重複),スキャナー切替,【レジ操作】[小計] → [転送] → [呼出] → [スキャナー切替] → [はい] → 商品登録,固定式スキャナーでスキャンのみ行える PLU商品・値引きは、レジ本体で行う
会計,-,77,スキャナー戻し,【レジ操作】[スキャナー戻し] → [小計],-
金券,-,78,金券説明,使用できる金券の種類・お釣り・期限,別紙資料【金券一覧】参照
金券,-,79,金券(額面以上の合計),【レジ操作】[小計] → [金券] → [金券選択] → [OK] → 金券金額 → [金額] → [金券] / [金券選択] → [戻る] → 会計操作,会計後、金券を処理→レジNo.・日付・金額・時間記入 切り取り線カット・ホチキス留め
金券,-,80,金券(複数枚掛算入力),【レジ操作】[小計] → [金券] → [金券選択] → [OK] → 枚数 → [×] → 金券金額 → [金額] → [金券] → [金券選択] → [戻る] → 会計操作(現金orカード),会計後、金券を処理→レジNo.・日付・金額・時間記入 切り取り線カット・ホチキス留め
金券,-,81,金券(額面以下の合計),【レジ操作】[金券] → [金券選択] → [OK] → 買上金額 → [金額],お釣りは出ない
金券,-,82,小計戻し,【レジ操作】金券入力 → 追加登録したい場合 → [小計戻し] → [はい] → 商品登録 ※お支払い金額の表示内容注意,合計より預り金を少なく打ち込んでしまった場合に、預り金を訂正する場合にも使用可能
カード,-,83,カード説明,-,店舗で使用できるカードの種類 カード一覧の見方
カード,-,84,J-Mupsの説明,-,別紙資料【クレジットカードについて】参照
カード,-,85,J-Mupsレシート交換,レシートの向き,-
カード,-,86,会計操作(レジ本体),【レジ操作】商品登録 → [小計] → [J-MUPS]【J-Mups端末操作】端末操作(J-Mups),-
J-Mups端末操作(売上),磁気カード,87,一括,【J-Mups端末操作】[クレジット] → カードスリット → [一括] → [確認] → レシート出力 ※レシート出力順(J-Mups側: カード会社控・お客様控・加盟店控→レジレシート),"10,001円以上のお会計はサイン必須"
J-Mups端末操作(売上),磁気カード,88,分割,【J-Mups端末操作】[クレジット] → カードスリット → [分割] → 支払回数 → [次へ] → [確認] → レシート出力,-
J-Mups端末操作(売上),磁気カード,89,ボーナス,【J-Mups端末操作】[クレジット] → カードスリット → [ボーナス] → [確認] → レシート出力,-
J-Mups端末操作(売上),磁気カード,90,ボーナス(オリコ・ライフ),【J-Mups端末操作】[クレジット] → カードスリット → [ボーナス] → 1(回) → [次へ] → 支払い月 → [次へ] → 夏:7月・8月 冬:12月・1月 → [確認] → レシート出力,-
J-Mups端末操作(売上),磁気カード,91,リボ,【J-Mups端末操作】[クレジット] → カードスリット → [リボ] → [確認] → レシート出力,-
J-Mups端末操作(売上),ICカード,92,一括,【J-Mups端末操作】[クレジット] → ICカード挿入 → [一括] → ※暗証番号入力 → [確認] → レシート出力,"※10,001円以上のお会計の場合は暗証番号が必要 不明な場合はお客様に【確定】を押して頂く→サイン必"
J-Mups端末操作(売上),ICカード,93,分割,【J-Mups端末操作】[クレジット] → ICカード挿入 → [分割] → 支払回数 → [次へ] → ※暗証番号入力 → [確認] → レシート出力,暗証番号が不明な場合、お客様に【確定】を押して頂く→サイン必須
J-Mups端末操作(売上),ICカード,94,ボーナス,【J-Mups端末操作】[クレジット] → ICカード挿入 → [ボーナス] → ※暗証番号入力 → [確認] → レシート出力,-
J-Mups端末操作(売上),ICカード,95,ボーナス(オリコ・ライフ),【J-Mups端末操作】[クレジット] → ICカード挿入 → [ボーナス] → 1(回) → [次へ] → 支払い月 → [次へ] → 夏:7月・8月 冬:12月・1月 ※暗証番号入力 → [確認] → レシート出力,-
J-Mups端末操作(売上),ICカード,96,リボ,【J-Mups端末操作】[クレジット] → ICカード挿入 → [リボ] → ※暗証番号入力 → [確認] → レシート出力,-
J-Mups端末操作(売上),ICカード,97,ICチップ読み取り不可,【レジ操作】磁気カード操作(スリット)は出来ないので、インプリンター・他のクレジットカード・現金での会計となる,-
カード併用,-,98,金券併用,【レジ操作】商品登録 → [小計] → 金券操作 → [J-MUPS]【J-Mups端末操作】端末操作(J-Mups),金券併用時は金券操作を先に行う
カード併用,-,99,現金併用,【レジ操作】商品登録 → [小計] → カード支払金額 → [J-MUPS]【J-Mups端末操作】端末操作(J-Mups)【レジ操作】現金会計操作,現金併用時はカード操作を先に行う
PayPay,-,100,PayPay説明,お客様にQRコードをスキャンして頂く会計方法のみ対応可,QRコードは店舗ごとに異なる 店舗で1つのQRコード
PayPay,-,101,商品登録,【レジ操作】商品登録 → [小計],現金・金券・カード併用不可
PayPay,-,102,PayPay決済操作(お客様),【お客様スマホ操作】PayPayアプリ起動 → 会計用のQRコードスキャン → お客様にお支払額を入力して頂く → [次へ]をお客様が押下 → お支払額がレジと一致しているか確認 → [支払う]をお客様が押下 → 決済音と決済完了画面を確認,お支払額は合計金額(税込)を入力して頂く スマホ画面の決済金額がレジと一致していることを必ず確認
PayPay,-,103,会計操作(レジ本体),【レジ操作】合計金額入力 → [PayPay],-
PayPay,-,104,金券併用,【レジ操作】商品登録 → [小計] → 金券操作 → 金券金額を差し引いた金額を入力 → [PayPay],オリコショッピングチケット・お買物券のみ使用可能
領収証,共通,105,領収証発行時の作業,レシート→領収証発行済印を押印する 領収証→発行者印を押印する/カード支払い時はカード販売分印を押印する,押印などの作業は金銭授受を終わらせてから行う
領収証,固定スキャナー側,106,領収証発行,【レジ操作】[明細画面へ] → [領収証発行] ※ディスプレイに【領収証】表示,レシートの後、自動出力 ※1点登録後に使用可能
領収証,レジ本体,107,レシートスキャン,【レジ操作】[領収証発行] → レシートスキャン ※スキャンできない場合…レジNo.3桁+レシートNo.4桁→日付6桁入力,会計から30日間有効
領収証,レジ本体,108,会計直後,【レジ操作】[領収証発行] → [金額],-
仮締,-,109,仮締め(固定式スキャナー) / 仮締め(レジ本体),【レジ操作】商品登録 → [仮締] / 商品登録 → [仮締],本体・固定式スキャナー各1件ずつ行える 責任者No.は抜けない ディスプレイに【仮締中】と表示される
仮締,-,110,仮締会計(固定式スキャナー) / 仮締会計(レジ本体),【レジ操作】[仮締会計] → [小計] → [転送] → 会計操作 / [仮締会計] → [小計] → 預かり金額 → [預/現金],【仮締会計】で呼び出した後、追加登録・商品取消可能
加算締,-,111,加算締,【レジ操作】商品登録 → [小計] → [加算締],レシートを分けて発行し、まとめて会計する場合に使用する(現金支払い時のみ可能)
加算締,-,112,呼出加算,【レジ操作】[呼出加算] → [小計] → 会計操作,会計のみのレシート発行する場合
加算締,-,113,呼出加算,【レジ操作】[呼出加算] → 商品登録 → [小計] → 会計操作,-
返品,-,114,返品操作前の確認,①レシートと商品が一致しているか確認後、担当者に返品の可否を確認する ②レシートの会計内容を確認し、返品操作を行う,会計内容→支払い手段(現金・金券・キャッシュレス・クレジット) 返金レシート出力後、明細書の発行をし店舗控とする
返品,-,115,返金レシートの明細書,お客様都合の返品・交換の場合は返金レシート明細書の裏にお客様の署名を頂く ※打ちミス・クレームなどの店舗都合の返品・交換の場合は署名は不要 返金レシートの明細書→左側: 返品操作者 / 右側: 返品許可者が押印し、返品操作理由を記入する,一部返品の場合は、返金レシート明細書の返品商品にレ点をする 打ちミスの場合、承認は隣接チェッカーが押印可能 元レシート・返品レシート・再登録レシートはお客様にお渡しする 元の売上レシートの裏に領収証発行済印を押下し返と記入
返品,-,116,全返品,【レジ操作】[返品] → 返品理由タッチ → レシートスキャン → 2 → [金額] → [OK] → 返金レシート出力 → [ページ切替] → [明細書] → 返金レシートスキャン 【レシートスキャンできない場合】レジナンバー3桁+レシートNo.4桁入力 → [金額] → 日付6桁入力 → [金額],元レシート、返金レシートのバーコードをペンで消さないこと レジNo.3桁+レシートNo.4桁・日付6桁を入力
返品,-,117,(全返品続き),【レジ操作】[OK] → 返金レシート出力 → [ページ切替] → [明細書] → 返金レシートスキャン 返品商品タッチ → [画面訂正] → [小計] → 返金レシートの合計金額入力 → [預/金額] → [ページ切替] → [明細書] → 返金レシートスキャン,複数商品を選択して画面訂正はできない 一部返品操作全て追加登録が可能 但し、ハンドスキャナーでスキャンする
返品,-,118,売価違い(一部返品),【レジ操作】[返品] → 返品理由タッチ → レシートスキャン → 1 → [金額] → [OK] → 返金レシート出力 → 返品商品タッチ → [画面訂正] → 価格の強制入力 or DPT登録 → [小計] → 返金レシートの合計金額入力 → [預/金額] → [ページ切替] → [明細書] → 返金レシートスキャン,-
返品,-,119,2個のうち1個返品→掛算登録(一部返品),【レジ操作】[返品] → 返品理由タッチ → レシートスキャン → 1 → [金額] → [OK] → 返金レシート出力 → [まとめ表示] → 返品商品タッチ → [画面訂正] → 1個分登録 → [まとめ表示] → [小計] → 返金レシートの合計金額入力 → [預/金額] → [ページ切替] → [明細書] → 返金レシートスキャン,掛け算登録している場合は【まとめ表示】をタッチしても表示が切り替わらない
返品,-,120,2個のうち1個返品→個別登録(一部返品),【レジ操作】[返品] → 返品理由タッチ → レシートスキャン → 1 → [金額] → [OK] → 返金レシート出力 → [まとめ表示] → 返品商品タッチ → [画面訂正] → [まとめ表示] → [小計] → 返金レシートの合計金額入力 → [預/金額] → [ページ切替] → [明細書] → 返金レシートスキャン,1個ずつ登録している場合は表示が切り替わる 返品する数量を1つずつ【画面訂正】で取消する
返品,-,121,取替 安い→高い商品(一部返品),【レジ操作】[返品] → 返品理由タッチ → レシートスキャン → 1 → [金額] → [OK] → 返金レシート出力 → 返品商品タッチ → [画面訂正] → 取替商品登録 → [小計] → 返金レシートの合計金額入力 → [預/金額] → 不足分金額入力 → [預/金額] → [ページ切替] → [明細書] → 返金レシートスキャン,追加登録が可能
返品,-,122,取替 (高い→安い商品)(一部返品),【レジ操作】[返品] → 返品理由タッチ → レシートスキャン → 1 → [金額] → [OK] → 返金レシート出力 → 返品商品タッチ → [画面訂正] → 取替商品登録 → [小計] → 返金レシートの合計金額入力 → [預/金額] → [預/金額] → [ページ切替] → [明細書] → 返金レシートスキャン,追加登録が可能
返品,-,123,税率の打ち直し 8%→10%・10%→8%(一部返品),【レジ操作】[返品] → 返品理由タッチ → レシートスキャン → 1 → [金額] → [OK] → 返金レシート出力 → 返品商品タッチ → [画面訂正] → [税率変更] → [軽減税率8%]or[標準税率10%] → [はい] → 商品登録 → [小計] → 返金レシートの合計金額入力 → [預/金額] → [ページ切替] → [明細書] → 返金レシートスキャン,-
返品,-,124,レシート代用伝票,No.126の返品操作を行う場合は、レシート代用伝票を準備してから返品操作を行う 返品に使用するレシート代用伝票はスタッフが管理しているものを使用する,使用後にレシート代用伝票使用報告書を記入する
返品,-,125,期限切れレシートの返品(1ヶ月以上前) ※99返品,【レジ操作】[返品] → 返品理由タッチ → [金額] → 返品商品登録 → [小計] → 返品合計金額 → [預/現金] → 返金レシート出力 → [ページ切替] → [明細書] → 返金レシートスキャン,明細書の裏に元レシートのレジNo.・レシートNo.・日付を記入する
返品,-,126,併用レシート返品(現金・金券・カード・PayPay) ※99返品,【レジ操作】[返品] → 返品理由タッチ → [金額] → 返品商品登録 → [小計] → 返品合計金額 → [預/現金] → 返金レシート出力 → [ページ切替] → [明細書] → 返金レシートスキャン,明細書の裏に元レシートのレジNo.・レシートNo.・日付を記入する
返品,-,127,レシートなし返品 ※99返品,【レジ操作】[返品] → 返品理由タッチ → [金額] → 返品商品登録 → [小計] → 返品合計金額 → [預/現金] → 返金レシート出力 → [ページ切替] → [明細書] → 返金レシートスキャン,販売実績等を調べてから返品を行う レシート代用伝票を使用する ※レシート代用伝票使用報告書を記入
カード返品,-,128,カード返品操作前の確認,①レシートと商品が一致しているか確認後、担当者に返品の可否を確認する ②レシートの会計内容を確認する ③返品に使用するクレジットカードとJ-Mupsお客様控に記載されているカード番号の下4桁が一致しているか確認する ④カード返品操作を行う 【注意点】①締日を過ぎてからカード返品操作を行う場合は、翌月の支払額から返品金額が差し引かれる ②デビットカード等で返品を行う場合は、反映までに数日かかることがある ③お買上日に会計したレジで返品する場合は、商品コード・支払方法の入力は不要 ④金券・現金を併用している場合は、99返品を行い現金でお返しする,お客様にレジレシート・J-Mupsお客様控・クレジットカードを持参して頂く カードの種類・返品理由に関わらず、カード会社控にはサイン必須 ※レシート出力順: J-Mupsレシート3枚→レジ本体レシート
J-Mups端末操作(返品),磁気カード,129,全返品,【レジ操作】[カード返品] → 返品理由タッチ → レシートスキャン → 2 → [金額] → [OK]【J-Mups端末操作】カードスリット → 伝票番号(J伝票No.) → [次へ] → 商品コード → [次へ] → 支払方法 → [確認] → レシート出力【レジ操作】返金レシート出力 → [ページ切替] → [明細書] → 返金レシートスキャン,レシートの金額と表示金額が一致しているか確認 (商品コード→商品区分/支払方法→支払区分)
J-Mups端末操作(返品),磁気カード,130,一部返品,【レジ操作】[カード返品] → 返品理由タッチ → レシートスキャン → 1 → [金額] → [OK]【J-Mups端末操作】カードスリット → 伝票番号(J伝票No.) → [次へ] → 商品コード → [次へ] → 支払方法 → [確認] → レシート出力【レジ操作】返品商品タッチ → [画面訂正] → [小計] → 会計操作 → [明細書] → 返金レシートスキャン,お客様が希望する会計方法で再度会計する キーボードの【指定取消】は使用不可
J-Mups端末操作(返品),磁気カード,131,取替・売価違い(一部返品),【レジ操作】[カード返品] → 返品理由タッチ → レシートスキャン → 1 → [金額] → [OK]【J-Mups端末操作】カードスリット → 伝票番号(J伝票No.) → [次へ] → 商品コード → [次へ] → 支払方法 → [確認] → レシート出力【レジ操作】返品商品タッチ → [画面訂正] → 取替商品スキャン or 価格強制入力 or DPT登録 → [小計] → 会計操作 → [ページ切替] → [明細書] → 返金レシートスキャン,-
J-Mups端末操作(返品),ICカード,132,全返品,【レジ操作】[カード返品] → 返品理由タッチ → レシートスキャン → 2 → [金額] → [OK]【J-Mups端末操作】ICカード挿入 → 伝票番号(J伝票No.) → [次へ] → 商品コード → [次へ] → 支払方法 → [確認] → レシート出力【レジ操作】返金レシート出力 → [ページ切替] → [明細書] → 返金レシートスキャン,レシートの金額と表示金額が一致しているか確認 (商品コード→商品区分/支払方法→支払区分)
J-Mups端末操作(返品),ICカード,133,一部返品,【レジ操作】[カード返品] → 返品理由タッチ → レシートスキャン → 1 → [金額] → [OK] → [ページ切替] → [明細書] → 返金レシートスキャン【J-Mups端末操作】ICカード挿入 → 伝票番号(J伝票No.) → [次へ] → 商品コード → [次へ] → 支払方法 → [確認] → レシート出力【レジ操作】返品商品タッチ → [画面訂正] → [小計] → 会計操作 → [明細書] → 返金レシートスキャン,お客様が希望する会計方法で再度会計する (クレジットカード・現金・PayPay) キーボードの【指定取消】は使用できない
J-Mups端末操作(返品),ICカード,134,取替・売価違い(一部返品),【レジ操作】[カード返品] → 返品理由タッチ → レシートスキャン → 1 → [金額] → [OK]【J-Mups端末操作】カードスリット → 伝票番号(J伝票No.) → [次へ] → 商品コード → [次へ] → 支払方法 → [確認] → レシート出力【レジ操作】返品商品タッチ → [画面訂正] → 取替商品スキャン or 価格強制入力 or DPT登録 → [小計] → 会計操作 → [ページ切替] → [明細書] → 返金レシートスキャン,お客様が希望する会計方法で再度会計する (クレジットカード・現金・PayPay他)
PayPay返品,-,135,PayPay返品前の確認,①レシートと商品が一致しているか確認後、担当者に返品の可否を確認する ②レシートの会計内容を確認する ③お客様にアプリで決済番号を確認して頂く ④ダッシュボードで返金操作を行う ⑤レジで返品操作を行う,-
PayPay返品,-,136,ダッシュボード操作,【タブレット・PC操作】サイトを開く → [取引] → 決済を探す → 決済番号・返金額が一致しているか確認 → [返金する] → 【返金完了しました】の表示確認後、お客様の取引履歴で返金されたことを確認して頂く,タブレット・PCで操作する 全額返金のみ可能
PayPay返品,-,137,レジ操作(全返品),【レジ操作】[カード返品] → 返品理由タッチ → レシートスキャン → 2 → [金額] → [OK] → [ページ切替] → [明細書] → 返金レシートスキャン,-
PayPay返品,-,138,レジ操作(一部返品),【レジ操作】[カード返品] → 返品理由タッチ → レシートスキャン → 1 → [金額] → [OK] → 返品商品タッチ → [画面訂正] → [小計] → 会計操作 → [ページ切替] → [明細書] → 返金レシートスキャン,お客様が希望する会計方法で再度会計する
伝票,-,139,マイナス登録処理伝票,現金/カード・PayPayに分けて伝票作成する,資料: 返金レシート・マイナス登録処理伝票参照
伝票,-,140,明細書発行,【レジ操作】[ページ切替] → [明細書] → レシートスキャン ※30日前迄発行可能,レシートのバーコードをスキャンできない場合はレジNo.3桁+レシートNo.4桁+日付6桁を入力する
伝票,-,141,掛売,【レジ操作】[小計] → 合計金額入力 → [掛売] ※掛売伝票を起伝後、レジ操作する,明細書発行の場合は明細書を2枚発行する
伝票,-,142,インプリンター(オフラインカード),お客様のクレジットカードが決済できない場合やカード障害発生時などに インプリンター伝票起伝後、レジ操作する【レジ操作】[小計] → 合計金額入力 → [オフライン],資料:
点検,-,143,Xレシート(黄番ON),【レジ操作】[会計点検] → Xレシート出力 ※休止モードの場合は、ダイナキー【R】タッチ後に同様の操作,-
点検,-,144,Xレシート(黄番OFF),【レジ操作】[ページ切替] → [会計点検] → Xレシート出力 ※休止モードの場合は、ダイナキー【R】タッチ後に同様の操作,-
ジャーナル,-,148,ジャーナル表示,【レジ操作】[ジャーナル] → [金額] → [ページ切替] → [前レシート]or[後レシート] → [クリア] → スクロール → [▲]or[▼],-
ジャーナル,-,149,他レジジャーナル,【レジ操作】[他レジジャーナル] → レシートスキャン → [クリア] スクロール → [▲]or[▼],-
レジ締め,-,145,レジキー【有】,【レジ操作】[替] → 責任者No. → [金額] → レジキーを【S】 → 23 → [金額] → Xレシート出力【J-Mups端末操作】[集計] → [クレジット] → [中間計] → [確認] → [確認] → 中間計票出力【レジ操作】99 → [金額] → 1 → [金額] → J-Mups日計票出力 → Zレシート出力【レジ操作】レジキーを【L】 ※カード売上がない場合は中間計票は出力されない,金券・赤伝の記入(返金レシート明細書の確認)を行う Xレシートのカードの金額と中間計票の合計が一致しているか確認しホチキスで留める カード会社控・加盟店控は専用袋にしまう ※枚数カウント・ホチキス留めは不要 日計票(6枚)・Zは出てきた順に重ねてホチキスで留める
レジ締め,-,146,レジキー【無】,【レジ操作】[替] → 責任者No. → [金額] → ドロアーを開ける → [会計点検] → Xレシート出力【J-Mups端末操作】[集計] → [クレジット] → [中間計] → [確認] → [確認] → 中間計票出力 ※カード売上がない場合は中間計票は出力されない【レジ操作】責任者No.が入っていない状態 → [S] → 責任者No. → [責No.] → 99 → [金額] → 1 → [金額] → J-Mups日計票出力 → Zレシート出力 → レジキー【L】,金券・赤伝の記入(返金レシート明細書の確認)を行う Xレシートのカードの金額と中間計票の合計が一致しているか確認しホチキスで留める カード会社控・加盟店控は専用袋にしまう ※枚数カウント・ホチキス留めは不要 日計票(6枚)・Zは出てきた順に重ねてホチキスで留める
レジ締め,-,147,日計処理エラー,【J-Mups端末操作】[集計] → [全取引] → [日計] → [確認] → J-Mups日計票出力 ※J-Mups日計票出力時に、紙切れ・紙づまり等でエラーが発生した場合は、J-Mups端末で日計票を出力する ※J-Mups端末画面にエラーが表示され、Zレシート1枚目(アクション#23)に「J-Mups日計エラー発生 日計処理でエラーが発生しました。J-Mups端末より日計処理を実施して下さい。」とエラーメッセージが印字される,途中までしか印字されていない日計票は破棄し J-Mups端末操作で出力した日計票を釣銭バックに入れる
レジ締め,-,150,トレーニングモード開始・終了,【レジ操作】[ページ切替] → [練習モード] トレーニングモード時のディスプレイの色⇒緑 ※J-Mupsもトレーニングモードになる,責任者No.が入っていない状態で行う
その他,-,1,収入印紙,レシート・領収証に印紙を貼る枠が印字される,本体価格5万円以上(カード以外)
その他,-,2,ジャーナル記入表,預かり金打ち間違え・千円札×5枚等,-
その他,-,3,お客様との両替,"お客様との両替は1,000円まで・ジャーナル記入表に明細を記入する",-
その他,-,4,フロアマイク,-,資料:
その他,-,5,電話マイク,-,-
その他,-,6,買物ルール,従業員の休憩時間中の買い物は、レシートに押印し、袋または商品にミリオンで添付する,心得帳参照
その他,-,7,符丁,-,心得帳参照
その他,-,8,カゴの入れ方,-,-
その他,-,9,取り扱いに気をつける商品,お造り・お寿司・お弁当・いちご・パンなど,-
その他,-,10,お渡しする付属品がある商品,お弁当・お惣菜→お箸 アイス・デザート→スプーン など,-
その他,-,11,ミリオンテープ,ミリオンテープの貼り方と保管方法,-
その他,-,12,防犯タグの解除方法,シールタイプ,-
その他,-,13,マイバック持参の場合の対応,-,-
その他,-,14,有料レジ袋,種類・金額・登録方法,-
その他,-,15,50番,両替表の記入方法・受け渡しの流れ,資料:
その他,-,16,100番,100番作成方法・受け渡しの流れ,資料:
店舗内容,-,17〜23,(空欄),-,-
